MOTA,MOTP,FP,FN,IDS,GT,Matches
0.25709057639524246,0.887385303807045,1193,12582,29,18581,5999
