MOTA,MOTP,FP,FN,IDS,GT,Matches
0.25536838706205267,0.8852681463174359,1198,12613,25,18581,5968
