MOTA,MOTP,FP,FN,IDS,GT,Matches
0.22942791023088105,0.81269426311716,778,13501,39,18581,5080
